# Copyright (C) 1991-2012 Altera Corporation
# Your use of Altera Corporation's design tools, logic functions 
# and other software and tools, and its AMPP partner logic 
# functions, and any output files from any of the foregoing 
# (including device programming or simulation files), and any 
# associated documentation or information are expressly subject 
# to the terms and conditions of the Altera Program License 
# Subscription Agreement, Altera MegaCore Function License 
# Agreement, or other applicable license agreement, including, 
# without limitation, that your use is for the sole purpose of 
# programming logic devices manufactured by Altera and sold by 
# Altera or its authorized distributors.  Please refer to the 
# applicable agreement for further details.

# Quartus II 32-bit Version 12.1 Build 177 11/07/2012 SJ Web Edition
# File: C:\Users\ECE4440\Desktop\Shi\SRAMOnly\PinAssignmentsSRAMOnly.csv
# Generated on: Mon Apr 08 14:51:20 2013

# Note: The column header names should not be changed if you wish to import this .csv file into the Quartus II software.

To,Direction,Location,I/O Bank,VREF Group,Fitter Location,I/O Standard,Reserved,Current Strength,Slew Rate,Differential Pair
altera_reserved_tck,Input,,,,PIN_P5,,,,,
altera_reserved_tdi,Input,,,,PIN_P7,,,,,
altera_reserved_tdo,Output,,,,PIN_P6,,,,,
altera_reserved_tms,Input,,,,PIN_P8,,,,,
CLOCK_50,Input,PIN_Y23,5,B5_N2,PIN_J1,,,,,
InterruptButton,Input,PIN_M23,6,B6_N2,PIN_AH10,,,,,
LEDR[15],Output,PIN_G15,7,B7_N2,PIN_AH17,,,,,
LEDR[14],Output,PIN_F15,7,B7_N2,PIN_J15,,,,,
LEDR[13],Output,PIN_H17,7,B7_N2,PIN_AD15,,,,,
LEDR[12],Output,PIN_J16,7,B7_N2,PIN_Y14,,,,,
LEDR[11],Output,PIN_H16,7,B7_N2,PIN_AE15,,,,,
LEDR[10],Output,PIN_J15,7,B7_N2,PIN_C14,,,,,
LEDR[9],Output,PIN_G17,7,B7_N1,PIN_AF15,,,,,
LEDR[8],Output,PIN_J17,7,B7_N2,PIN_AG17,,,,,
LEDR[7],Output,PIN_H19,7,B7_N2,PIN_A17,,,,,
LEDR[6],Output,PIN_J19,7,B7_N2,PIN_H15,,,,,
LEDR[5],Output,PIN_E18,7,B7_N1,PIN_B17,,,,,
LEDR[4],Output,PIN_F18,7,B7_N1,PIN_F15,,,,,
LEDR[3],Output,PIN_F21,7,B7_N0,PIN_AG12,,,,,
LEDR[2],Output,PIN_E19,7,B7_N0,PIN_Y15,,,,,
LEDR[1],Output,PIN_F19,7,B7_N0,PIN_D13,,,,,
LEDR[0],Output,PIN_G19,7,B7_N2,PIN_AC14,,,,,
RESETButton,Input,PIN_N21,6,B6_N2,PIN_AH14,,,,,
SW[4],Input,PIN_AB27,5,B5_N1,PIN_E15,,,,,
SW[3],Input,PIN_AD27,5,B5_N2,PIN_D15,,,,,
SW[2],Input,PIN_AC27,5,B5_N2,PIN_D14,,,,,
SW[1],Input,PIN_AC28,5,B5_N2,PIN_C15,,,,,
SW[0],Input,PIN_AB28,5,B5_N1,PIN_C16,,,,,
