<?xml version="1.0" encoding="UTF-8"?>
<ProgramExecution>
 <SOPCSystem>
  <CompileID>0</CompileID>
  <DeviceFamily>UNKNOWN</DeviceFamily>
  <HDLLanguage>VHDL</HDLLanguage>
  <Qsys>0</Qsys>
  <SOPCModule>
   <C>1</C>
   <ModuleType>non_altera_module</ModuleType>
   <SOPCInterface>
    <C>2</C>
    <InterfaceType>clock_end</InterfaceType>
    <SOPCInterfaceParameter>
     <C>3</C>
     <Name>clockRate</Name>
     <Value>50000000</Value>
    </SOPCInterfaceParameter>
    <SOPCInterfaceParameter>
     <C>4</C>
     <Name>externallyDriven</Name>
     <Value>false</Value>
    </SOPCInterfaceParameter>
    <SOPCInterfaceParameter>
     <C>5</C>
     <Name>ptfSchematicName</Name>
     <Value></Value>
    </SOPCInterfaceParameter>
    <SOPCPort>
     <C>6</C>
     <Direction>Input</Direction>
     <Role>clk</Role>
     <Width>1</Width>
    </SOPCPort>
   </SOPCInterface>
   <SOPCInterface>
    <C>7</C>
    <InterfaceType>reset_end</InterfaceType>
    <SOPCInterfaceParameter>
     <C>8</C>
     <Name>associatedClock</Name>
     <Value></Value>
    </SOPCInterfaceParameter>
    <SOPCInterfaceParameter>
     <C>9</C>
     <Name>synchronousEdges</Name>
     <Value>NONE</Value>
    </SOPCInterfaceParameter>
    <SOPCPort>
     <C>10</C>
     <Direction>Input</Direction>
     <Role>reset_n</Role>
     <Width>1</Width>
    </SOPCPort>
   </SOPCInterface>
   <SOPCInterface>
    <C>11</C>
    <InterfaceType>clock_start</InterfaceType>
    <SOPCInterfaceParameter>
     <C>12</C>
     <Name>associatedDirectClock</Name>
     <Value>clk_in</Value>
    </SOPCInterfaceParameter>
    <SOPCInterfaceParameter>
     <C>13</C>
     <Name>clockRate</Name>
     <Value>50000000</Value>
    </SOPCInterfaceParameter>
    <SOPCInterfaceParameter>
     <C>14</C>
     <Name>clockRateKnown</Name>
     <Value>true</Value>
    </SOPCInterfaceParameter>
    <SOPCInterfaceParameter>
     <C>15</C>
     <Name>externallyDriven</Name>
     <Value>true</Value>
    </SOPCInterfaceParameter>
    <SOPCInterfaceParameter>
     <C>16</C>
     <Name>ptfSchematicName</Name>
     <Value></Value>
    </SOPCInterfaceParameter>
    <SOPCPort>
     <C>17</C>
     <Direction>Output</Direction>
     <Role>clk</Role>
     <Width>1</Width>
    </SOPCPort>
   </SOPCInterface>
   <SOPCInterface>
    <C>18</C>
    <InterfaceType>reset_start</InterfaceType>
    <SOPCInterfaceParameter>
     <C>19</C>
     <Name>associatedClock</Name>
     <Value></Value>
    </SOPCInterfaceParameter>
    <SOPCInterfaceParameter>
     <C>20</C>
     <Name>associatedDirectReset</Name>
     <Value>clk_in_reset</Value>
    </SOPCInterfaceParameter>
    <SOPCInterfaceParameter>
     <C>21</C>
     <Name>associatedResetSinks</Name>
     <Value>clk_in_reset</Value>
    </SOPCInterfaceParameter>
    <SOPCInterfaceParameter>
     <C>22</C>
     <Name>synchronousEdges</Name>
     <Value>NONE</Value>
    </SOPCInterfaceParameter>
    <SOPCPort>
     <C>23</C>
     <Direction>Output</Direction>
     <Role>reset_n</Role>
     <Width>1</Width>
    </SOPCPort>
   </SOPCInterface>
  </SOPCModule>
  <SOPCModule>
   <C>24</C>
   <ModuleType>altera_avalon_onchip_memory2</ModuleType>
   <SOPCModuleParameter>
    <C>25</C>
    <Name>allowInSystemMemoryContentEditor</Name>
    <Value>true</Value>
   </SOPCModuleParameter>
   <SOPCModuleParameter>
    <C>26</C>
    <Name>autoInitializationFileName</Name>
    <Value>onchip_memory2_0</Value>
   </SOPCModuleParameter>
   <SOPCModuleParameter>
    <C>27</C>
    <Name>blockType</Name>
    <Value>AUTO</Value>
   </SOPCModuleParameter>
   <SOPCModuleParameter>
    <C>28</C>
    <Name>dataWidth</Name>
    <Value>64</Value>
   </SOPCModuleParameter>
   <SOPCModuleParameter>
    <C>29</C>
    <Name>deviceFamily</Name>
    <Value>Cyclone IV E</Value>
   </SOPCModuleParameter>
   <SOPCModuleParameter>
    <C>30</C>
    <Name>dualPort</Name>
    <Value>false</Value>
   </SOPCModuleParameter>
   <SOPCModuleParameter>
    <C>31</C>
    <Name>initMemContent</Name>
    <Value>true</Value>
   </SOPCModuleParameter>
   <SOPCModuleParameter>
    <C>32</C>
    <Name>initializationFileName</Name>
    <Value>onchip_memory2_0</Value>
   </SOPCModuleParameter>
   <SOPCModuleParameter>
    <C>33</C>
    <Name>instanceID</Name>
    <Value>kthx</Value>
   </SOPCModuleParameter>
   <SOPCModuleParameter>
    <C>34</C>
    <Name>memorySize</Name>
    <Value>1024</Value>
   </SOPCModuleParameter>
   <SOPCModuleParameter>
    <C>35</C>
    <Name>readDuringWriteMode</Name>
    <Value>DONT_CARE</Value>
   </SOPCModuleParameter>
   <SOPCModuleParameter>
    <C>36</C>
    <Name>simAllowMRAMContentsFile</Name>
    <Value>false</Value>
   </SOPCModuleParameter>
   <SOPCModuleParameter>
    <C>37</C>
    <Name>simMemInitOnlyFilename</Name>
    <Value>0</Value>
   </SOPCModuleParameter>
   <SOPCModuleParameter>
    <C>38</C>
    <Name>singleClockOperation</Name>
    <Value>false</Value>
   </SOPCModuleParameter>
   <SOPCModuleParameter>
    <C>39</C>
    <Name>slave1Latency</Name>
    <Value>1</Value>
   </SOPCModuleParameter>
   <SOPCModuleParameter>
    <C>40</C>
    <Name>slave2Latency</Name>
    <Value>1</Value>
   </SOPCModuleParameter>
   <SOPCModuleParameter>
    <C>41</C>
    <Name>useNonDefaultInitFile</Name>
    <Value>true</Value>
   </SOPCModuleParameter>
   <SOPCModuleParameter>
    <C>42</C>
    <Name>useShallowMemBlocks</Name>
    <Value>false</Value>
   </SOPCModuleParameter>
   <SOPCModuleParameter>
    <C>43</C>
    <Name>writable</Name>
    <Value>true</Value>
   </SOPCModuleParameter>
  </SOPCModule>
  <SOPCModule>
   <C>44</C>
   <ModuleType>non_altera_module</ModuleType>
   <SOPCInterface>
    <C>45</C>
    <InterfaceType>reset_end</InterfaceType>
    <SOPCInterfaceParameter>
     <C>46</C>
     <Name>associatedClock</Name>
     <Value>clock_sink</Value>
    </SOPCInterfaceParameter>
    <SOPCInterfaceParameter>
     <C>47</C>
     <Name>synchronousEdges</Name>
     <Value>DEASSERT</Value>
    </SOPCInterfaceParameter>
    <SOPCPort>
     <C>48</C>
     <Direction>Input</Direction>
     <Role>reset</Role>
     <Width>1</Width>
    </SOPCPort>
   </SOPCInterface>
   <SOPCInterface>
    <C>49</C>
    <InterfaceType>conduit_end</InterfaceType>
    <SOPCInterfaceParameter>
     <C>50</C>
     <Name>associatedClock</Name>
     <Value>clock_sink</Value>
    </SOPCInterfaceParameter>
    <SOPCInterfaceParameter>
     <C>51</C>
     <Name>associatedReset</Name>
     <Value>reset</Value>
    </SOPCInterfaceParameter>
    <SOPCPort>
     <C>52</C>
     <Direction>Input</Direction>
     <Role>export</Role>
     <Width>1</Width>
    </SOPCPort>
    <SOPCPort>
     <C>53</C>
     <Direction>Input</Direction>
     <Role>export</Role>
     <Width>5</Width>
    </SOPCPort>
    <SOPCPort>
     <C>54</C>
     <Direction>Output</Direction>
     <Role>export</Role>
     <Width>16</Width>
    </SOPCPort>
   </SOPCInterface>
   <SOPCInterface>
    <C>55</C>
    <InterfaceType>clock_end</InterfaceType>
    <SOPCInterfaceParameter>
     <C>56</C>
     <Name>clockRate</Name>
     <Value>0</Value>
    </SOPCInterfaceParameter>
    <SOPCInterfaceParameter>
     <C>57</C>
     <Name>externallyDriven</Name>
     <Value>false</Value>
    </SOPCInterfaceParameter>
    <SOPCInterfaceParameter>
     <C>58</C>
     <Name>ptfSchematicName</Name>
     <Value></Value>
    </SOPCInterfaceParameter>
    <SOPCPort>
     <C>59</C>
     <Direction>Input</Direction>
     <Role>clk</Role>
     <Width>1</Width>
    </SOPCPort>
   </SOPCInterface>
   <SOPCInterface>
    <C>60</C>
    <InterfaceType>avalon_start</InterfaceType>
    <SOPCInterfaceParameter>
     <C>61</C>
     <Name>adaptsTo</Name>
     <Value></Value>
    </SOPCInterfaceParameter>
    <SOPCInterfaceParameter>
     <C>62</C>
     <Name>addressGroup</Name>
     <Value>0</Value>
    </SOPCInterfaceParameter>
    <SOPCInterfaceParameter>
     <C>63</C>
     <Name>addressUnits</Name>
     <Value>SYMBOLS</Value>
    </SOPCInterfaceParameter>
    <SOPCInterfaceParameter>
     <C>64</C>
     <Name>alwaysBurstMaxBurst</Name>
     <Value>false</Value>
    </SOPCInterfaceParameter>
    <SOPCInterfaceParameter>
     <C>65</C>
     <Name>associatedClock</Name>
     <Value>clock_sink</Value>
    </SOPCInterfaceParameter>
    <SOPCInterfaceParameter>
     <C>66</C>
     <Name>associatedReset</Name>
     <Value>reset</Value>
    </SOPCInterfaceParameter>
    <SOPCInterfaceParameter>
     <C>67</C>
     <Name>bitsPerSymbol</Name>
     <Value>8</Value>
    </SOPCInterfaceParameter>
    <SOPCInterfaceParameter>
     <C>68</C>
     <Name>burstOnBurstBoundariesOnly</Name>
     <Value>false</Value>
    </SOPCInterfaceParameter>
    <SOPCInterfaceParameter>
     <C>69</C>
     <Name>burstcountUnits</Name>
     <Value>WORDS</Value>
    </SOPCInterfaceParameter>
    <SOPCInterfaceParameter>
     <C>70</C>
     <Name>constantBurstBehavior</Name>
     <Value>false</Value>
    </SOPCInterfaceParameter>
    <SOPCInterfaceParameter>
     <C>71</C>
     <Name>dBSBigEndian</Name>
     <Value>false</Value>
    </SOPCInterfaceParameter>
    <SOPCInterfaceParameter>
     <C>72</C>
     <Name>doStreamReads</Name>
     <Value>false</Value>
    </SOPCInterfaceParameter>
    <SOPCInterfaceParameter>
     <C>73</C>
     <Name>doStreamWrites</Name>
     <Value>false</Value>
    </SOPCInterfaceParameter>
    <SOPCInterfaceParameter>
     <C>74</C>
     <Name>holdTime</Name>
     <Value>0</Value>
    </SOPCInterfaceParameter>
    <SOPCInterfaceParameter>
     <C>75</C>
     <Name>interleaveBursts</Name>
     <Value>false</Value>
    </SOPCInterfaceParameter>
    <SOPCInterfaceParameter>
     <C>76</C>
     <Name>isAsynchronous</Name>
     <Value>false</Value>
    </SOPCInterfaceParameter>
    <SOPCInterfaceParameter>
     <C>77</C>
     <Name>isBigEndian</Name>
     <Value>false</Value>
    </SOPCInterfaceParameter>
    <SOPCInterfaceParameter>
     <C>78</C>
     <Name>isReadable</Name>
     <Value>false</Value>
    </SOPCInterfaceParameter>
    <SOPCInterfaceParameter>
     <C>79</C>
     <Name>isWriteable</Name>
     <Value>false</Value>
    </SOPCInterfaceParameter>
    <SOPCInterfaceParameter>
     <C>80</C>
     <Name>linewrapBursts</Name>
     <Value>false</Value>
    </SOPCInterfaceParameter>
    <SOPCInterfaceParameter>
     <C>81</C>
     <Name>maxAddressWidth</Name>
     <Value>32</Value>
    </SOPCInterfaceParameter>
    <SOPCInterfaceParameter>
     <C>82</C>
     <Name>maximumPendingReadTransactions</Name>
     <Value>0</Value>
    </SOPCInterfaceParameter>
    <SOPCInterfaceParameter>
     <C>83</C>
     <Name>readLatency</Name>
     <Value>0</Value>
    </SOPCInterfaceParameter>
    <SOPCInterfaceParameter>
     <C>84</C>
     <Name>readWaitTime</Name>
     <Value>1</Value>
    </SOPCInterfaceParameter>
    <SOPCInterfaceParameter>
     <C>85</C>
     <Name>registerIncomingSignals</Name>
     <Value>false</Value>
    </SOPCInterfaceParameter>
    <SOPCInterfaceParameter>
     <C>86</C>
     <Name>registerOutgoingSignals</Name>
     <Value>false</Value>
    </SOPCInterfaceParameter>
    <SOPCInterfaceParameter>
     <C>87</C>
     <Name>setupTime</Name>
     <Value>0</Value>
    </SOPCInterfaceParameter>
    <SOPCInterfaceParameter>
     <C>88</C>
     <Name>timingUnits</Name>
     <Value>Cycles</Value>
    </SOPCInterfaceParameter>
    <SOPCInterfaceParameter>
     <C>89</C>
     <Name>writeWaitTime</Name>
     <Value>0</Value>
    </SOPCInterfaceParameter>
    <SOPCPort>
     <C>90</C>
     <Direction>Output</Direction>
     <Role>address</Role>
     <Width>10</Width>
    </SOPCPort>
    <SOPCPort>
     <C>91</C>
     <Direction>Output</Direction>
     <Role>read</Role>
     <Width>1</Width>
    </SOPCPort>
    <SOPCPort>
     <C>92</C>
     <Direction>Output</Direction>
     <Role>write</Role>
     <Width>1</Width>
    </SOPCPort>
    <SOPCPort>
     <C>93</C>
     <Direction>Input</Direction>
     <Role>readdata</Role>
     <Width>64</Width>
    </SOPCPort>
    <SOPCPort>
     <C>94</C>
     <Direction>Output</Direction>
     <Role>byteenable</Role>
     <Width>8</Width>
    </SOPCPort>
    <SOPCPort>
     <C>95</C>
     <Direction>Output</Direction>
     <Role>writedata</Role>
     <Width>64</Width>
    </SOPCPort>
    <SOPCPort>
     <C>96</C>
     <Direction>Input</Direction>
     <Role>waitrequest</Role>
     <Width>1</Width>
    </SOPCPort>
   </SOPCInterface>
  </SOPCModule>
  <SystemID>1794248777</SystemID>
 </SOPCSystem>
 <SchemaVersion>schema_2011-12-20</SchemaVersion>
</ProgramExecution>
