<?xml version="1.0" encoding="UTF-8"?>
<preferences>
 <debug showDebugMenu="0" />
 <systemtable filter="Default">
  <columns>
   <opcodeName visible="0" />
   <connections preferredWidth="31" />
   <irq preferredWidth="34" />
   <export visible="0" />
  </columns>
 </systemtable>
 <clocktable>
  <columns>
   <clockname preferredWidth="328" />
   <clocksource preferredWidth="327" />
   <frequency preferredWidth="308" />
  </columns>
 </clocktable>
 <window width="1456" height="876" x="-8" y="-8" />
 <library expandedCategories="Library,Project" />
</preferences>
